species.name,longitude,latitude
Onitis alexis,22.029205,-34.054375
Onitis alexis,23.882153,-18.531862
Onitis alexis,22.88788,-18.983987
Onitis alexis,22.876938,-18.975828
Onitis alexis,22.584986,-19.418824
Onitis alexis,23.705757,-18.437742
Onitis alexis,22.925135,-18.817487
Onitis alexis,22.889817,-18.979072
Onitis alexis,23.356868,-20.073772
Onitis alexis,30.11412,-27.3569
Onitis alexis,22.702523,-29.732892
Onitis alexis,23.095789,-29.567368
Onitis alexis,23.744979,-29.089062
Onitis alexis,22.860247,-27.907477
Onitis alexis,35.4156,-4.4039
Onitis alexis,14.866667,-16.55
Onitis alexis,31,-20.25
Onitis alexis,27.638384,-27.784975
Onitis alexis,28.35,-25.6
Onitis alexis,30.950278,-28.293611
Onitis alexis,27.383333,-24.466667
Onitis alexis,28.283333,-24.8
Onitis alexis,30.25,-24.166667
Onitis alexis,28.5,-24.666667
Onitis alexis,16.664444,-20.454444
Onitis alexis,20.483333,-19.583333
Onitis alexis,27.366667,-24.616667
Onitis alexis,31.116667,-26.616667
Onitis alexis,31,-24.35
Onitis alexis,13.8125,-20.020278
Onitis alexis,30.1,-25.066667
Onitis alexis,29.333333,-25.233333
Onitis alexis,24.166667,-27.716667
Onitis alexis,28.983333,-22.05
Onitis alexis,28.083333,-25.533333
Onitis alexis,36.833333,-6.083333
Onitis alexis,28.483333,-25.666667
Onitis alexis,28.5,-25.683333
Onitis alexis,30.116667,-25.033333
Onitis alexis,36.883,0.283
Onitis alexis,27.016667,-16.633333
Onitis alexis,28.75,-24.633333
Onitis alexis,31.166667,-28.35
Onitis alexis,26.866667,-27.216667
Onitis alexis,28.283333,-24.883333
Onitis alexis,18.95,-22.45
Onitis alexis,28.616667,-24.616667
Onitis alexis,28.1,-25.4
Onitis alexis,27.233333,-24.966667
Onitis alexis,30.266667,-23.166667
Onitis alexis,29.433333,-24.816667
Onitis alexis,29.383333,-22.933333
Onitis alexis,29.966667,-29.883333
Onitis alexis,32.4,-27.016667
Onitis alexis,29.066667,-23.05
Onitis alexis,25.75,-33.483333
Onitis alexis,28.4,-25.933333
Onitis alexis,27.55,-24.366667
Onitis alexis,33.85,-11.016667
Onitis alexis,31.353333,-24.119444
Onitis alexis,22.416667,-31.2
Onitis alexis,31.283333,-22.783333
Onitis alexis,31.65,-24.95
Onitis alexis,31.016667,-22.683333
Onitis alexis,30.983333,-22.633333
Onitis alexis,27.616667,-26.9
Onitis alexis,29.716667,-31.45
Onitis alexis,22.916667,-27.883333
Onitis alexis,33.816617,-11.85445
Onitis alexis,32.066667,-28.083333
Onitis alexis,33.443333,-14.255
Onitis alexis,34.166667,-11.833333
Onitis alexis,17.766667,-31.05
Onitis alexis,29.066667,-22.983333
Onitis alexis,27.1,-24.016667
Onitis alexis,28.716667,-25.816667
Onitis alexis,28.533333,-25.516667
Onitis alexis,28.633333,-24.616667
Onitis alexis,31.183333,-22.766667
Onitis alexis,29.833333,-25.116667
Onitis alexis,32.25,-26.9
Onitis alexis,27.25,-23.716667
Onitis alexis,31.533333,-25.466667
Onitis alexis,28.283333,-25.083333
Onitis alexis,29.25,-24.233333
Onitis alexis,16.85,-25.9
Onitis alexis,31.433,-23.117
Onitis alexis,34.966975,-15.750339
Onitis alexis,33.416667,-10.1
Onitis alexis,28.2,-25.716667
Onitis alexis,27.733333,-24.916667
Onitis alexis,29.333333,-25.416667
Onitis alexis,30.666667,-23.666667
Onitis alexis,15.65,-21.8
Onitis alexis,31.766667,-25.5
Onitis alexis,19.023889,-27.973056
Onitis alexis,24.083333,-18.666667
Onitis alexis,32.283333,-28.1
Onitis alexis,30.583333,-25.3
Onitis alexis,27.1,-26.717
Onitis alexis,32.033333,-28.133333
Onitis alexis,26.832222,-27.605556
Onitis alexis,34.11,-14.17
Onitis alexis,22.116667,-18.866667
Onitis alexis,28.066667,-25.4
Onitis alexis,28.816667,-32.25
Onitis alexis,27.4,-24.533333
Onitis alexis,28.216667,-25.866667
Onitis alexis,31.083333,-22.55
Onitis alexis,28.65,-24.716667
Onitis alexis,32.266667,-26.883333
Onitis alexis,31.366667,-25.616667
Onitis alexis,22.866667,-20.866667
Onitis alexis,34.183333,-14.283333
Onitis alexis,35.616667,-15.116667
Onitis alexis,23.616667,-19.116667
Onitis alexis,31.116667,-25.616667
Onitis alexis,31.083333,-25.583333
Onitis alexis,34.824464,-16.252881
Onitis alexis,33.25,-13.12
Onitis alexis,22.366667,-28.366667
Onitis alexis,21.983333,-28.883333
Onitis alexis,30.6,-24.45
Onitis alexis,29.583333,-25.366667
Onitis alexis,13.866667,-19.366667
Onitis alexis,31.366667,-26.616667
Onitis alexis,28.116667,-27.116667
Onitis alexis,31.2,-24.2
Onitis alexis,29.216667,-24.25
Onitis alexis,33.766667,-14
Onitis alexis,35.009853,-15.832497
Onitis alexis,35.2371,-15.434708
Onitis alexis,27.516667,-24.75
Onitis alexis,28.7,-24.65
Onitis alexis,28.6,-25.2
Onitis alexis,35.05,-15.933333
Onitis alexis,27.616667,-24.616667
Onitis alexis,32.269,-28.13
Onitis alexis,32.257,-26.95
Onitis alexis,32.12,-27.373
Onitis alexis,32.166,-27.308
Onitis alexis,32.092,-27.438
Onitis alexis,31.809,-26.689
Onitis alexis,31.946,-27
Onitis alexis,26.148,-20.156
Onitis alexis,31.149,-26.349
Onitis alexis,31.873,-27.272
Onitis alexis,29.366667,-22.866667
Onitis alexis,31.618,-25.571
Onitis alexis,29.716667,-22.45
Onitis alexis,31.9,-28.733333
Onitis alexis,23.992,-33.847
Onitis alexis,24.09,-33.887
Onitis alexis,24.774,-33.741
Onitis alexis,26.333,-33.422
Onitis alexis,24.98,-33.838
Onitis alexis,24.717,-33.733
Onitis alexis,31.098,-22.729
Onitis alexis,24.926,-34
Onitis alexis,24.89,-33.83
Onitis alexis,27.74,-32.92
Onitis alexis,31.809,-26.408
Onitis alexis,28.6,-25.45
Onitis alexis,28.866667,-25.116667
Onitis alexis,25.986389,-25.735278
Onitis alexis,23.68,-19.781
Onitis alexis,19.586,-25.573
Onitis alexis,31.616667,-28.116667
Onitis alexis,28.366667,-25.616667
Onitis alexis,22.821944,-27.926111
Onitis alexis,29.886,-23.113
Onitis alexis,21.961,-21.495
Onitis alexis,30.426,-22.984
Onitis alexis,26.339,-29.286
Onitis alexis,31.126,-27.209
Onitis alexis,15.899,-19.735
Onitis alexis,20.073,-27.418
Onitis alexis,23.361,-27.485
Onitis alexis,29.78,-30.84
Onitis alexis,23.102,-27.604
Onitis alexis,22.026,-28.293
Onitis alexis,22.384,-21.049
Onitis alexis,27.776,-31.436
Onitis alexis,27.028,-29.825
Onitis alexis,29.892,-30.413
Onitis alexis,30.503,-29.722
Onitis alexis,26.671,-31.936
Onitis alexis,29.933,-30.267
Onitis alexis,25.444,-32.651
Onitis alexis,32,-27.572
Onitis alexis,28.7,-24.666667
Onitis alexis,29.2,-28.933333
Onitis alexis,27.833333,-24.183333
Onitis alexis,39.09825,-5.08881
Onitis alexis,13.18333,-17
Onitis alexis,30.009,-22.41
Onitis alexis,29.66,-22.887
Onitis alexis,29.898,-23.073
Onitis alexis,17.141,-22.792
Onitis alexis,21.25,-28.45
Onitis alexis,34.64,-0.773
Onitis alexis,38.817,-3.35
Onitis alexis,24.509,-27.034
Onitis alexis,29.3,-24.883333
Onitis alexis,18.048,-19.277
Onitis alexis,37.533,0.667
Onitis alexis,38.113,0.179
Onitis alexis,36.128611,-3.516389
Onitis alexis,31.371,-28.862
Onitis alexis,31.128611,-25.082778
Onitis alexis,38.2,0.083333
Onitis alexis,29.991,-23.081
Onitis alexis,36.494,0.229
Onitis alexis,17.583,-22.473
Onitis alexis,29.614,-23.903
Onitis alexis,17.336,-22.439
Onitis alexis,18.206,-22.352
Onitis alexis,35.1,-1.466667
Onitis alexis,34.959,-1.374
Onitis alexis,38.233,0.133
Onitis alexis,36.907,-3.392
Onitis alexis,36.767,-1.3
Onitis alexis,35.751,-3.548
Onitis alexis,38.9,-3.633
Onitis alexis,37.909,2.046
Onitis alexis,39.541,-4.006
Onitis alexis,39.25,-3
Onitis alexis,37.692,0.076
Onitis alexis,36.717,2.767
Onitis alexis,39.283,-3.037
Onitis alexis,37.417,-2.046
Onitis alexis,38.079,0.138
Onitis alexis,36.633,-1.4
Onitis alexis,34.658,-2.255
Onitis alexis,34.971,-1.311
Onitis alexis,37.655,3.002
Onitis alexis,38.386,-0.078
Onitis alexis,35.933333,-3.6
Onitis alexis,39.35,-2.817
Onitis alexis,39.296,-2.954
Onitis alexis,35.959,-1.186
Onitis alexis,40.113,-3.216
Onitis alexis,35.033,-1.517
Onitis alexis,35.592,-1.021
Onitis alexis,39.231,-3.077
Onitis alexis,35.739,-1.172
Onitis alexis,37.02,-1.468
Onitis alexis,36.494,0.267
Onitis alexis,35.018,-0.344
Onitis alexis,37.111,-1.032
Onitis alexis,39.796,-3.663
Onitis alexis,34.908,-2.567
Onitis alexis,36.272,3.702
Onitis alexis,37.283,-2.667
Onitis alexis,37.697,5.83
Onitis alexis,37.315,-1.982
Onitis alexis,35.782,-3.45
Onitis alexis,37.526667,-2.351667
Onitis alexis,39.583,-3.033
Onitis alexis,38.386,-3.021
Onitis alexis,36.825,1.69
Onitis alexis,36.624,-3.376
Onitis alexis,35.025,-0.606
Onitis alexis,38.159,0.264
Onitis alexis,36.54,-3.404
Onitis alexis,34.828,-1.245
Onitis alexis,38.215,0.044
Onitis alexis,34.993,-0.161
Onitis alexis,37.474,0.573
Onitis alexis,35.364678,-15.36355
Onitis alexis,22.418,-28.159
Onitis alexis,24.582,-29.22
Onitis alexis,27.031,-29.895
Onitis alexis,37.583333,0.35
Onitis alexis,29.8,-23.316667
Onitis alexis,15.94,-19.808
Onitis alexis,32.57,-20.236
Onitis alexis,16.299,-21.909
Onitis alexis,14.963889,-14.753056
Onitis alexis,13.739444,-14.787778
Onitis alexis,14.803611,-13.778333
Onitis alexis,24.791,-26.772
Onitis alexis,14.8,-14.9
Onitis alexis,31.4853,-24.0114
Onitis alexis,17.361,-22.308
Onitis alexis,17.448,-26.784
Onitis alexis,22.852,-27.202
Onitis alexis,17.133,-22.75
Onitis alexis,17.117,-22.833
Onitis alexis,15.837,-21.943
Onitis alexis,31.106,-27.209
Onitis alexis,16.597,-21.905
Onitis alexis,32.374444,-19.964722
Onitis alexis,16.631,-22.645
Onitis alexis,34.316667,-14.361667
Onitis alexis,34.1707,-14.3733
Onitis alexis,34.426006,-14.439289
Onitis alexis,23.689,-27.39
Onitis alexis,28.916667,-25.466667
Onitis alexis,32.2,-28.4
Onitis alexis,32.25,-28.383333
Onitis alexis,31.133333,-17.883333
Onitis alexis,25.357,-26.021
Onitis alexis,29.95,-28.16
Onitis alexis,27.933333,-25.616667
Onitis alexis,16.051,-19.962
Onitis alexis,30.696,-20.885
Onitis alexis,26.669,-30.7
Onitis alexis,16.5,-18.75
Onitis alexis,30.563,-23.916
Onitis alexis,26.317,-18.583
Onitis alexis,31.017,-25.317
Onitis alexis,29.772,-23.363
Onitis alexis,29.604,-23.669
Onitis alexis,21.053,-21.915
Onitis alexis,19.735,-22.377
Onitis alexis,27.916,-26.89
Onitis alexis,29.367,-28.733
Onitis alexis,30.973,-22.762
Onitis alexis,32.229,-27.089
Onitis alexis,30.011,-28.242
Onitis alexis,16.25,-23.233
Onitis alexis,16.316,-22.792
Onitis alexis,26.819,-30.434
Onitis alexis,29.282,-28.677
Onitis alexis,16.983,-18.8
Onitis alexis,27.798,-27.394
Onitis alexis,26.869,-28.672
Onitis alexis,18.642,-22.365
Onitis alexis,24.772,-26.819
Onitis alexis,27.327,-26.532
Onitis alexis,27.017,-29.983
Onitis alexis,16.842,-22.905
Onitis alexis,22.809,-27.92
Onitis alexis,31.813,-24.297
Onitis alexis,26.058,-27.112
Onitis alexis,26,-25.5
Onitis alexis,31.320556,-22.449722
Onitis alexis,27.445278,-29.243889
Onitis alexis,17.988,-19.473
Onitis alexis,14.806,-20.418
Onitis alexis,16.747,-20.622
Onitis alexis,15.924,-24.041
Onitis alexis,16.568,-22.663
Onitis alexis,29.783,-28.55
Onitis alexis,17.461111,-19.045
Onitis alexis,14.933,-20.989
Onitis alexis,26.375278,-25.591389
Onitis alexis,15.956,-24.136
Onitis alexis,26.718,-31.74
Onitis alexis,29.276667,-23.042222
Onitis alexis,27.063,-30.208
Onitis alexis,26.65,-18.85
Onitis alexis,30.942,-20.183
Onitis alexis,23.155,-20.244
Onitis alexis,25.645,-20.161
Onitis alexis,30.275,-21.867
Onitis alexis,39.033056,-3.716667
Onitis alexis,30.783,-20.183
Onitis alexis,26.888,-22.974
Onitis alexis,39.05,-3.733
Onitis alexis,26.031,-20.142
Onitis alexis,38.117,-2.583
Onitis alexis,38.771,-2.778
Onitis alexis,25.905833,-23.812778
Onitis alexis,25.678,-25.183
Onitis alexis,36.65,-1.167
Onitis alexis,17.9,-22.386
Onitis alexis,39.467,-3.867
Onitis alexis,22.132,-21.342
Onitis alexis,35.024297,-15.842392
Onitis alexis,34.725358,-15.8969
Onitis alexis,25.066,-31.564
Onitis alexis,26.152,-25.522
Onitis alexis,32.078,-27.716
Onitis alexis,29.584,-28.452
Onitis alexis,24.929,-26.48
Onitis alexis,28.25,-22.666667
Onitis alexis,29.683333,-22.9
Onitis alexis,31.089,-22.681
Onitis alexis,27.955,-27.211
Onitis alexis,29.953,-23.627
Onitis alexis,29.707,-23.515
Onitis alexis,28.465,-25.203
Onitis alexis,29.319,-24.008
Onitis alexis,30.864,-25.765
Onitis alexis,31.301,-23.574
Onitis alexis,31.356,-27.295
Onitis alexis,28.97,-24.01
Onitis alexis,26.624,-33.281
Onitis alexis,27.151,-28.049
Onitis alexis,24.238,-27.142
Onitis alexis,28.349,-31.94
Onitis alexis,29.954,-28.368
Onitis alexis,24.941,-26.461
Onitis alexis,24.789,-28.566
Onitis alexis,29.588,-28.822
Onitis alexis,26.746,-33.285
Onitis alexis,23.496,-27.446
Onitis alexis,29.75,-28.53
Onitis alexis,20.7,-28.791
Onitis alexis,30.696,-23.9
Onitis alexis,29.67,-25.79
Onitis alexis,29.794,-28.815
Onitis alexis,26.029,-25.595
Onitis alexis,26.863,-30.51
Onitis alexis,25.048,-33.96
Onitis alexis,31.073,-25.682
Onitis alexis,25.371,-26.007
Onitis alexis,29.65,-23.033
Onitis alexis,24.381,-27.081
Onitis alexis,31.081,-24.843
Onitis alexis,29.597,-22.891
Onitis alexis,28.978,-28.405
Onitis alexis,26.286,-33.444
Onitis alexis,31.3,-22.6
Onitis alexis,27.266,-27.443
Onitis alexis,29.312,-22.96
Onitis alexis,31.187,-22.609
Onitis alexis,29.811,-23.462
Onitis alexis,16.416667,-23.1
Onitis alexis,29.228,-23.092
Onitis alexis,29.613,-25.789
Onitis alexis,29.088,-16.393
Onitis alexis,27.546,-25.789
Onitis alexis,25.352,-27.177
Onitis alexis,29.783333,-22.633333
Onitis alexis,31.583333,-23.833333
Onitis alexis,27.467,-18.738
Onitis alexis,24.96,-27.06
Onitis alexis,27.418,-25.789
Onitis alexis,29.783,-22.983
Onitis alexis,31.8,-28.333333
Onitis alexis,25.982,-25.725
Onitis alexis,27.28,-18.638
Onitis alexis,27.338,-33.271
Onitis alexis,32.42,-25.972
Onitis alexis,29.342,-22.259
Onitis alexis,29.497,-16.573
Onitis alexis,31.442,-22.976
Onitis alexis,28.333,-19.545
Onitis alexis,31.301,-22.413
Onitis alexis,32.767,-19.117
Onitis alexis,35.369,-23.439
Onitis alexis,31.92,-18.223
Onitis alexis,28.411,-24.681
Onitis alexis,27.326,-27.243
Onitis alexis,27.802,-25.643
Onitis alexis,27.009,-25.637
Onitis alexis,26.466667,-18.8
Onitis alexis,24.137,-27.193
Onitis alexis,31.544,-23.653
Onitis alexis,25.405,-25.96
Onitis alexis,26.048333,-25.544167
Onitis alexis,32.233,-28.029
Onitis alexis,31.391,-23.494
Onitis alexis,29.306944,-23.040833
Onitis alexis,24.731,-26.992
Onitis alexis,26.3875,-25.591667
Onitis alexis,29.600833,-16.700556
Onitis alexis,32.707,-19.117
Onitis alexis,32.348,-26.29
Onitis alexis,30.961389,-17.973333
Onitis alexis,33.656,-19.138
Onitis alexis,29.067,-19.859
Onitis alexis,28.4,-19.683
Onitis alexis,27.217222,-18.6625
Onitis alexis,25.85,-17.917
Onitis alexis,27.694167,-18.935833
Onitis alexis,29.817,-19.45
Onitis alexis,30.4,-17.383
Onitis alexis,30.947,-18.88
Onitis alexis,29.438,-21.168
Onitis alexis,32.49,-20.152
Onitis alexis,30.316,-17.427
Onitis alexis,28.458,-19.834
Onitis alexis,27.766667,-18.933333
Onitis alexis,31.444,-18.173
Onitis alexis,28.987,-20.533
Onitis alexis,32.333,-19.967
Onitis alexis,29,-16.493
Onitis alexis,29.85,-21.947
Onitis alexis,32.459,-26.43
Onitis alexis,27.933,-19.105
Onitis alexis,32.663,-18.86
Onitis alexis,32.948333,-19.957778
Onitis alexis,28.511,-20.005
Onitis alexis,28.978,-20.579
Onitis alexis,30.683333,-17.61
Onitis alexis,34.448,-18.738
Onitis alexis,29.703,-16.916
Onitis alexis,29.05,-20.45
Onitis alexis,32.623,-18.244
Onitis alexis,27.244,-18.625
Onitis alexis,31.145,-17.839444
Onitis alexis,29.835,-17.075
Onitis alexis,29.624444,-16.771944
Onitis alexis,28.538,-20.076
Onitis alexis,26.929,-18.508
Onitis alexis,29.578,-19.67
Onitis alexis,30.244,-18.144
Onitis alexis,24.771,-26.831
Onitis alexis,34.773,-19.695
Onitis alexis,28.878611,-20.8125
Onitis alexis,29.733,-21.561
Onitis alexis,30.6075,-17.935833
Onitis alexis,29.813,-18.613
Onitis alexis,28.387,-19.687
Onitis alexis,29.998333,-18.227778
Onitis alexis,26.947,-18.673
Onitis alexis,28.844,-20.269
Onitis alexis,29,-21.066667
Onitis alexis,30.454,-21.67
Onitis alexis,34.864,-19.787
Onitis alexis,32.75,-19.083
Onitis alexis,35.385,-23.485
Onitis alexis,28.658,-20.097
Onitis alexis,31.783,-28.25
Onitis alexis,30.613,-25.603
Onitis alexis,29.544,-23.044
Onitis alexis,31.6,-24.983
Onitis alexis,29.851,-22.911
Onitis alexis,31.567,-23.85
Onitis alexis,29.579,-23.039
Onitis alexis,31.766667,-25.6
Onitis alexis,31.051,-25.695
Onitis alexis,25.717,-25.754
Onitis alexis,28.589,-24.609
Onitis alexis,26.022,-27.149
Onitis alexis,29.877,-23.146
Onitis alexis,23.759,-27.357
Onitis alexis,29.132,-24.146
Onitis alexis,30.82,-25.457
Onitis alexis,27.059,-30.047
Onitis alexis,29.98,-22.502
Onitis alexis,29.3,-24.966667
Onitis alexis,28.716667,-24.516667
Onitis alexis,26.205,-25.567
Onitis alexis,29.93,-22.716
Onitis alexis,28.979,-23.182
Onitis alexis,30.044,-23.078
Onitis alexis,29.211,-24.097
Onitis alexis,34.072,-18.401
Onitis alexis,32.196,-18.835
Onitis alexis,29.907,-22.697
Onitis alexis,31.05,-25.783333
Onitis alexis,32.58,-19.23
Onitis alexis,31.583333,-24.983333
Onitis alexis,30.831,-18.581
Onitis alexis,30.066667,-22.35
Onitis alexis,30,-22.426
Onitis alexis,30.75,-27.333333
Onitis alexis,31.067,-24.833
Onitis alexis,29.779,-23.36
Onitis alexis,24.595,-29.054
Onitis alexis,31.283333,-17.888611
Onitis alexis,27.042,-30.01
Onitis alexis,29.25,-24.3
Onitis alexis,26.83,-30.97
Onitis alexis,26.965,-31.953
Onitis alexis,24.933333,-28.133333
Onitis alexis,30.603,-19.494
Onitis alexis,30.653,-19.155
Onitis alexis,30,-22.276
Onitis alexis,32.571,-18.809
Onitis alexis,31.366,-20.022
Onitis alexis,32.28,-28.13
Onitis alexis,27.973,-32.866
Onitis alexis,29.895,-22.739
Onitis alexis,26.787,-31.873
Onitis alexis,32.589,-20.152
Onitis alexis,26.72,-30.7
Onitis alexis,27.113,-29.533
Onitis alexis,26.7,-30.7
Onitis alexis,26.718,-31.749
Onitis alexis,25.847,-33.427
Onitis alexis,27.716,-28.906
Onitis alexis,26.478,-33.35
Onitis alexis,27.093,-33.235
Onitis alexis,27.033,-29.733
Onitis alexis,27.061,-30.148
Onitis alexis,26.73,-30.77
Onitis alexis,25.694,-33.536
Onitis alexis,26.99,-29.737
Onitis alexis,28.359444,-25.640556
Onitis alexis,27.081,-30.269
Onitis alexis,24.341667,-32.346111
Onitis alexis,32.580556,-20.258889
Onitis alexis,31.55,-18.183
Onitis alexis,32.558,-19.26
Onitis alexis,30.705,-19.976
Onitis alexis,33.534,-19.189
Onitis alexis,30.612,-20.466
Onitis alexis,30.705,-20.717
Onitis alexis,31.85,-18.15
Onitis alexis,30.63,-20.579
Onitis alexis,32.783,-19.021
Onitis alexis,30.02,-22.11
Onitis alexis,30.262,-21.859
Onitis alexis,30.933,-20.283
Onitis alexis,31.25,-21.466667
Onitis alexis,30.871,-18.82
Onitis alexis,30.795,-20.131
Onitis alexis,31.888611,-20.053056
Onitis alexis,34.864,-19.842
Onitis alexis,30.71,-20.843
Onitis alexis,30.696,-19.766
Onitis alexis,30.883333,-18.095
Onitis alexis,30.557,-21.519
Onitis alexis,32.5,-19.4
Onitis alexis,32.924444,-18.951389
Onitis alexis,30.643,-20.34
Onitis alexis,34.839,-19.844
Onitis alexis,32.562,-18.885
Onitis alexis,25.028,-30.953
Onitis alexis,26.833,-30.417
Onitis alexis,26.74,-28.299
Onitis alexis,27.464,-29.31
Onitis alexis,27.384,-32.725
Onitis alexis,30.855,-27.073
Onitis alexis,27.083,-30.3
Onitis alexis,27.035,-29.969
Onitis alexis,27.214,-33.047
Onitis alexis,26.978,-29.663
Onitis alexis,29.69,-23.178
Onitis alexis,29.754,-23.376
Onitis alexis,31.833,-28.333
Onitis alexis,26.587,-28.538
Onitis alexis,26.58,-30.7
Onitis alexis,27.08,-33.242
Onitis alexis,26.24,-29.108
Onitis alexis,27.308,-29.261
Onitis alexis,31.538,-27.373
Onitis alexis,30.05,-22.35
Onitis alexis,31.016667,-17.85
Onitis alexis,27.883333,-29.033333
Onitis alexis,24.016667,-18.066667
Onitis alexis,27.452,-29.22
Onitis alexis,32.3,-28.133333
Onitis alexis,29.53,-23.896
Onitis alexis,30.678,-25.575
Onitis alexis,31.443,-25.52
Onitis alexis,27.37,-27
Onitis alexis,27.937,-25.668
Onitis alexis,28.6,-25.776
Onitis alexis,31.117,-23.95
Onitis alexis,25.4,-30.15
Onitis alexis,26.466667,-25.8
Onitis alexis,28.233333,-25.366667
Onitis alexis,28.783333,-24.6
Onitis alexis,28.105833,-24.305
Onitis alexis,31.733333,-24
Onitis alexis,28.866667,-24.116667
Onitis alexis,31.643333,-27.463611
Onitis alexis,18.733333,-31.433333
Onitis alexis,20.45,-30.866667
Onitis alexis,30.816667,-20.166667
Onitis alexis,31.516667,-25.483333
Onitis alexis,32.3,-26.916667
Onitis alexis,29.766667,-24.7
Onitis alexis,22.45,-19.866667
Onitis alexis,31.966667,-27.416667
Onitis alexis,31.566667,-23.866667
Onitis alexis,27.616667,-28.316667
Onitis alexis,17.716667,-19.233333
Onitis alexis,32.283333,-28.033333
Onitis alexis,28.358889,-25.797778
Onitis alexis,15.933333,-21.433333
Onitis alexis,21.5,-29.283333
Onitis alexis,29.2,-19
Onitis alexis,21.15,-28.533333
Onitis alexis,30.783333,-25.066667
Onitis alexis,15.083333,-14.883333
Onitis alexis,17.9,-21.983333
Onitis alexis,28.05,-23.55
Onitis alexis,25.766667,-17.9
Onitis alexis,26.533333,-30.216667
Onitis alexis,29.5,-23.833333
Onitis alexis,28.2,-25.75
Onitis alexis,29.3325,-22.97
Onitis alexis,33.5,-24.825
Onitis alexis,15.165556,-20.312222
Onitis alexis,16.35,-6.916
Onitis alexis,16.733333,-24.016667
Onitis alexis,14.666667,-17.416667
Onitis alexis,18.783333,-17.75
Onitis alexis,21.633333,-18.116667
Onitis alexis,30.866667,-24.566667
Onitis alexis,36.783333,-1.316667
Onitis alexis,25.8,-25.383333
Onitis alexis,32.033333,-27.616667
Onitis alexis,29.383333,-25.15
Onitis alexis,28.083333,-26.2
Onitis alexis,36.798,1.678
Onitis alexis,27.25,-25.666667
Onitis alexis,29.906667,-23.038333
Onitis alexis,17.083333,-23.316667
Onitis alexis,28.216667,-25.7
Onitis alexis,30.116667,-26.066667
Onitis alexis,30.616667,-23.95
Onitis alexis,28.466667,-26.25
Onitis alexis,24.966667,-17.8
Onitis alexis,24.45,-23.316667
Onitis alexis,24.616667,-19.866667
Onitis alexis,24.625,-26.875
Onitis alexis,18.083333,-19.283333
Onitis alexis,13.95,-18.683333
Onitis alexis,14.833333,-19.633333
Onitis alexis,14.333333,-19.5
Onitis alexis,13.616667,-19.133333
Onitis alexis,29.733333,-22.95
Onitis alexis,17.95,-25.466667
Onitis alexis,14.25,-17.5
Onitis alexis,17.1,-22.566667
Onitis alexis,16.625,-20.375
Onitis alexis,16.15,-20.116667
Onitis alexis,26.216667,-29.116667
Onitis alexis,27.333333,-16.516667
Onitis alexis,31.016667,-29.866667
Onitis alexis,30.166667,-23.566667
Onitis alexis,24.766667,-28.733333
Onitis alexis,30.383333,-29.616667
Onitis alexis,16.9,-21.983333
Onitis alexis,30.266667,-24.033333
Onitis alexis,25.65,-25.866667
Onitis alexis,27.875,-20.625
Onitis alexis,27.45,-26.9
Onitis alexis,28.85,-23.283333
Onitis alexis,30.533333,-19.116667
Onitis alexis,27.383333,-21.533333
Onitis alexis,32.666667,-18.966667
Onitis alexis,25.6,-33.966667
Onitis alexis,31.044722,-17.817778
Onitis alexis,26.666667,-26.866667
Onitis alexis,16,-18
Onitis alexis,30.875,-29.875
Onitis alexis,18.625,-19.73
Onitis alexis,35.207432,-2.932638
Onitis alexis,35.477076,-3.18274
Onitis alexis,35.304582,-3.01385
Onitis alexis,35.475412,-3.193213
Onitis alexis,22.5,-20.5
Onitis alexis,27.952222,-26.093889
Onitis alexis,15.8,-24.483333
Onitis alexis,14.416667,-9.683333
Onitis alexis,17.083333,-22.566667
Onitis alexis,31.616667,-25.616667
Onitis alexis,31.166667,-23.966667
Onitis alexis,30.9,-19.017
Onitis alexis,21,7
Onitis alexis,32.6,-19
Onitis alexis,32.6333,-18.9667
Onitis alexis,24.5,-10
Onitis alexis,28.183333,-25.733333
Onitis alexis,30.8,-30.2
Onitis alexis,29.45,-23.75
Onitis alexis,28.216667,-25.833333
Onitis alexis,25.15,-17.8
Onitis alexis,27.766667,-23.616667
Onitis alexis,30.925556,-29.885833
Onitis alexis,16.916667,-21.983333
Onitis alexis,16,-20
Onitis alexis,29.933333,-27.75
Onitis alexis,37.4856,-6.0581
Onitis alexis,30.48,-1.88
